DROP DATABASE IF EXISTS QLBaiDauXe;
CREATE DATABASE QLBaiDauXe;;
USE QLBaiDauXe;

-- A.1
CREATE TABLE VEXE (
    MATHE VARCHAR (4) PRIMARY KEY,
    TRANGTHAI VARCHAR (30)
);

CREATE TABLE XE (
    BIENSO VARCHAR (10) PRIMARY KEY,
    LOAIXE VARCHAR (30)
);

CREATE TABLE VETHANG (
    MATHE VARCHAR (4) PRIMARY KEY,
    BIENSO VARCHAR (30),
    TENCHUXE VARCHAR (30),
    NGAYHETHAN DATETIME,
    FOREIGN KEY (MATHE) REFERENCES VEXE(MATHE)
);

CREATE TABLE LUOTGUI (
    MALG VARCHAR (5) PRIMARY KEY,
    MATHE VARCHAR (4),
    BIENSOQUETDUOC VARCHAR (10),
    THOIGIANVAO DATETIME,
    THOIGIANRA DATETIME DEFAULT NULL,
    FOREIGN KEY (MATHE) REFERENCES VEXE(MATHE),
    FOREIGN KEY (BIENSOQUETDUOC) REFERENCES XE(BIENSO)
);

-- A.2
INSERT INTO VEXE (MATHE, TRANGTHAI) VALUES
('T001', 'Bình thường'), ('T002', 'Bình thường'), ('T003', 'Bình thường'),
('T004', 'Khoá'), ('T005', 'Bình thường'), ('T006', 'Bình thường');

INSERT INTO XE (BIENSO, LOAIXE) VALUES
('29A-12345', 'Ô tô'), 
('30A-22222', 'Ô tô'),
('30A-33333', 'Ô tô'),
('29B1-11111', 'Xe máy'),
('29B1-22222', 'Xe máy'),
('51A-88888', 'Ô tô'),
('29B1-33333', 'Xe máy');

INSERT INTO VETHANG (MATHE, BIENSO, TENCHUXE, NGAYHETHAN) VALUES
('T003', '29A-12345', 'Nguyễn Linh', '2026-07-06'),
('T005', '30A-22222', 'Trần Mai Anh', '2026-07-15'),
('T006', '29B1-11111', 'Phạm Minh Khoa', '2026-06-12');

INSERT INTO LUOTGUI (MALG, MATHE, BIENSOQUETDUOC, THOIGIANVAO, THOIGIANRA) VALUES
('LG001', 'T003', '29B1-11111', '2026-06-02 22:00', '2026-06-03 06:30'),
('LG002', 'T006', '51A-88888', '2026-06-03 09:00', '2026-06-03 18:00'),
('LG003', 'T003', '29B1-11111', '2026-06-04 23:00', '2026-06-05 07:00'),
('LG004', 'T001', '29A-12345', '2026-06-05 20:00', '2026-06-06 08:00'),
('LG005', 'T002', '30A-22222', '2026-06-07 21:00', '2026-06-08 07:00'),
('LG006', 'T001', '30A-33333', '2026-06-09 08:00', '2026-06-09 17:00'),
('LG007', 'T001', '29A-12345', '2026-06-10 07:30', NULL),
('LG008', 'T005', '29B1-22222', '2026-06-10 08:00', '2026-06-10 12:00'),
('LG009', 'T003', '29B1-11111', '2026-06-10 08:05', NULL),
('LG010', 'T006', '29B1-33333', '2026-06-10 08:10', '2026-06-10 11:30'),
('LG011', 'T002', '30A-22222', '2026-06-10 08:15', NULL);

-- B.1
ALTER TABLE VETHANG
ADD CONSTRAINT BienSoDocNhat UNIQUE (BIENSO);

-- B.2
SELECT LG.MALG, LG.MATHE, LG.BIENSOQUETDUOC, LG.THOIGIANVAO, LG.THOIGIANRA
FROM LUOTGUI LG
JOIN VETHANG VT ON LG.MATHE = VT.MATHE
WHERE LG.BIENSOQUETDUOC != VT.BIENSO;

-- B.3
SELECT *
FROM VETHANG
WHERE DATEDIFF(NGAYHETHAN, CURDATE()) BETWEEN 0 AND 2;

-- B.4
SELECT HOUR(THOIGIANVAO) AS GIOCAODIEM, COUNT(*) AS LUOTXE
FROM LUOTGUI
WHERE MONTH(THOIGIANVAO) = MONTH(CURDATE())
AND YEAR(THOIGIANVAO) = YEAR(CURDATE())
GROUP BY HOUR(THOIGIANVAO)
ORDER BY COUNT(*) DESC
LIMIT 1;

-- B.5
SELECT CURDATE() AS TODAY, COUNT(*) AS LUOTGUIXEBANGVE
FROM LUOTGUI
WHERE DATE(THOIGIANVAO) = CURDATE()
AND MATHE NOT IN (
    SELECT MATHE 
    FROM VETHANG
);

-- B.6
SELECT MATHE, COUNT(DISTINCT BIENSOQUETDUOC) AS SOXESUDUNG
FROM LUOTGUI
GROUP BY MATHE
HAVING COUNT(DISTINCT BIENSOQUETDUOC) >= 2;

-- B.7
SELECT X.LOAIXE, AVG(TIMESTAMPDIFF(MINUTE, LG.THOIGIANVAO, LG.THOIGIANRA)) / 60 AS TGGUITRUNGBINH
FROM LUOTGUI LG
JOIN XE X ON LG.BIENSOQUETDUOC = X.BIENSO
WHERE LG.THOIGIANRA IS NOT NULL
GROUP BY X.LOAIXE
HAVING AVG(TIMESTAMPDIFF(MINUTE, LG.THOIGIANVAO, LG.THOIGIANRA)) / 60 > 6;

-- B.8
DELIMITER //
CREATE TRIGGER KiemTraXeTrongBai
BEFORE INSERT ON LUOTGUI
FOR EACH ROW
BEGIN
    IF EXISTS (
        SELECT 1 FROM LUOTGUI
        WHERE BIENSOQUETDUOC = NEW.BIENSOQUETDUOC
        AND THOIGIANRA IS NULL
    ) THEN
        SIGNAL SQLSTATE '45000'
        SET MESSAGE_TEXT = 'Xe vẫn còn trong bãi';
    END IF;
END //
DELIMITER ;
