DROP DATABASE IF EXISTS QLThuoc;
CREATE DATABASE QLThuoc;
USE QLThuoc;

-- A.1
CREATE TABLE THUOC (
    MATHUOC VARCHAR(3) PRIMARY KEY,
    TENTHUOC VARCHAR(30)
);

CREATE TABLE HOATCHAT (
    MAHC VARCHAR(4) PRIMARY KEY,
    TENHC VARCHAR(30)
);

CREATE TABLE THANHPHAN_THUOC (
    MATHUOC VARCHAR(3),
    MAHC VARCHAR(4),
    PRIMARY KEY (MATHUOC, MAHC),
    FOREIGN KEY (MATHUOC) REFERENCES THUOC(MATHUOC),
    FOREIGN KEY (MAHC) REFERENCES HOATCHAT(MAHC)
);

CREATE TABLE TUONGTAC_HOATCHAT(
    MAHC1 VARCHAR(4),
    MAHC2 VARCHAR(4),
    MUCDO VARCHAR(30),
    PRIMARY KEY (MAHC1, MAHC2),
    FOREIGN KEY (MAHC1) REFERENCES HOATCHAT(MAHC), 
    FOREIGN KEY (MAHC2) REFERENCES HOATCHAT(MAHC)
); 

-- A.2
INSERT INTO THUOC(MATHUOC, TENTHUOC) VALUES
('T01', 'Panadol Extra'),
('T02', 'Hapacol 500'),
('T03', 'Aspirin 81mg'),
('T04', 'Cataflam'),
('T05', 'Brufen 400'),
('T06', 'Warfarin 5mg');

INSERT INTO HOATCHAT(MAHC, TENHC) VALUES
('HC01', 'Paracetamol'),
('HC02', 'Aspirin'),
('HC03', 'Diclofenac'),
('HC04', 'ibuprofen'),
('HC05', 'Warfarin'),
('HC06', 'Caffeine');

INSERT INTO THANHPHAN_THUOC(MATHUOC, MAHC) VALUES
('T01', 'HC01'),
('T01', 'HC06'),
('T02', 'HC01'),
('T03', 'HC02'),
('T04', 'HC03'),
('T05', 'HC04'),
('T06', 'HC05');

INSERT INTO TUONGTAC_HOATCHAT(MAHC1, MAHC2, MUCDO) VALUES
('HC02', 'HC04', 'Trung bình'),
('HC02', 'HC05', 'Nghiêm trọng'),
('HC03', 'HC05', 'Cao'),
('HC04', 'HC05', 'Cao'),
('HC01', 'HC05', 'Nhẹ');

-- B.1
SELECT t.MATHUOC, t.TENTHUOC
FROM THUOC t
JOIN THANHPHAN_THUOC tp ON t.MATHUOC = tp.MATHUOC
JOIN HOATCHAT h ON tp.MAHC = h.MAHC
WHERE h.TENHC = 'Paracetamol';

-- B.2
SELECT h.MAHC, h.TENHC, COUNT(*) AS SOTHUOC
FROM HOATCHAT h
JOIN THANHPHAN_THUOC tp ON tp.MAHC = h.MAHC
GROUP BY h.MAHC
HAVING SOTHUOC >= ALL(
    SELECT COUNT(*)
    FROM HOATCHAT h2
    JOIN THANHPHAN_THUOC tp2 ON tp2.MAHC = h2.MAHC
    GROUP BY h2.MAHC
);


-- B.3
SELECT h.MAHC, h.TENHC
FROM HOATCHAT h
WHERE h.MAHC NOT IN (
    SELECT DISTINCT MAHC1
    FROM TUONGTAC_HOATCHAT
)
AND h.MAHC NOT IN (
    SELECT DISTINCT MAHC2
    FROM TUONGTAC_HOATCHAT
);

-- B.4
DELETE FROM THUOC
WHERE MATHUOC NOT IN (
    SELECT DISTINCT MATHUOC
    FROM THANHPHAN_THUOC
);

-- B.5
SELECT t1.MATHUOC, t1.TENTHUOC, t2.MATHUOC, t2.TENTHUOC
FROM THANHPHAN_THUOC tp1
CROSS JOIN THANHPHAN_THUOC tp2
JOIN TUONGTAC_HOATCHAT tt ON tp1.MAHC = tt.MAHC1 AND tp2.MAHC = tt.MAHC2
JOIN THUOC t1 ON t1.MATHUOC = tp1.MATHUOC
JOIN THUOC t2 ON t2.MATHUOC = tp2.MATHUOC
WHERE tt.MUCDO = 'Nghiêm trọng';

-- B.6
SELECT MATHUOC, TENTHUOC
FROM THUOC
WHERE MATHUOC NOT IN (
    SELECT MATHUOC 
    FROM THANHPHAN_THUOC 
    WHERE MAHC IN (
        SELECT MAHC1 FROM TUONGTAC_HOATCHAT
        UNION
        SELECT MAHC2 FROM TUONGTAC_HOATCHAT
    )
);

-- B.7
SELECT DISTINCT t1.MATHUOC, t1.TENTHUOC, tp1.MAHC, tp2.MAHC, tt.MUCDO
FROM THANHPHAN_THUOC tp1
CROSS JOIN THANHPHAN_THUOC tp2
JOIN TUONGTAC_HOATCHAT tt ON tp1.MAHC = tt.MAHC1 AND tp2.MAHC = tt.MAHC2
JOIN THUOC t1 ON t1.MATHUOC = tp1.MATHUOC
JOIN THUOC t2 ON t2.MATHUOC = tp2.MATHUOC;

-- B.8
DROP TRIGGER IF EXISTS CHANTUONGTAC;
DELIMITER //
CREATE TRIGGER CHANTUONGTAC
BEFORE INSERT ON TUONGTAC_HOATCHAT
FOR EACH ROW
BEGIN
    IF NEW.MAHC1 = NEW.MAHC2 THEN
        SIGNAL SQLSTATE '45000'
            SET MESSAGE_TEXT = 'Không thêm bản ghi có hai hoá chất trùng nhau';
    END IF;
END //
DELIMITER;
